{
  "project_info": {
    "project_number": "547970453773",
    "firebase_url": "https://facedetectionofc.firebaseio.com",
    "project_id": "facedetectionofc",
    "storage_bucket": "facedetectionofc.appspot.com"
  },
  "client": [
    {
      "client_info": {
        "mobilesdk_app_id": "1:547970453773:android:5632bf03b542762d352044",
        "android_client_info": {
          "package_name": "com.example.facedetectionofc"
        }
      },
      "oauth_client": [
        {
          "client_id": "547970453773-g733ngobcq1vibf52kf4jagclq9i8c8k.apps.googleusercontent.com",
          "client_type": 1,
          "android_info": {
            "package_name": "com.example.facedetectionofc",
            "certificate_hash": "4e645367a2ece264df5547c2cf3fa99030cd3d7d"
          }
        },
        {
          "client_id": "547970453773-j17dsu3305n4dm71fjuej5lt9gkd2r5n.apps.googleusercontent.com",
          "client_type": 3
        }
      ],
      "api_key": [
        {
          "current_key": "AIzaSyDkjvNssx5pyAb8m-yOoVnwev0APbgmjNQ"
        }
      ],
      "services": {
        "appinvite_service": {
          "other_platform_oauth_client": [
            {
              "client_id": "547970453773-j17dsu3305n4dm71fjuej5lt9gkd2r5n.apps.googleusercontent.com",
              "client_type": 3
            }
          ]
        }
      }
    }
  ],
  "configuration_version": "1"
}