{
  "project_info": {
    "project_number": "28826335208",
    "firebase_url": "https://locatemeapp-c8784.firebaseio.com",
    "project_id": "locatemeapp-c8784",
    "storage_bucket": "locatemeapp-c8784.appspot.com"
  },
  "client": [
    {
      "client_info": {
        "mobilesdk_app_id": "1:28826335208:android:c682c97e06a1b3a8afd65d",
        "android_client_info": {
          "package_name": "com.example.locatemeapp"
        }
      },
      "oauth_client": [
        {
          "client_id": "28826335208-outupan20l4uhn51hdik0alfoumtib36.apps.googleusercontent.com",
          "client_type": 1,
          "android_info": {
            "package_name": "com.example.locatemeapp",
            "certificate_hash": "54cbe13298bab56cd22a5822f34cbbc265b59cbe"
          }
        },
        {
          "client_id": "28826335208-ue2vp4k5h1tt3fl96ptuc1fckleuuac3.apps.googleusercontent.com",
          "client_type": 3
        }
      ],
      "api_key": [
        {
          "current_key": "AIzaSyC50Fpmg2AF3K3Cse8382aTGlNezfoVvAg"
        }
      ],
      "services": {
        "appinvite_service": {
          "other_platform_oauth_client": [
            {
              "client_id": "28826335208-ue2vp4k5h1tt3fl96ptuc1fckleuuac3.apps.googleusercontent.com",
              "client_type": 3
            }
          ]
        }
      }
    }
  ],
  "configuration_version": "1"
}