{
  "project_info": {
    "project_number": "39305102331",
    "firebase_url": "https://loginusingfirebase-2d27c.firebaseio.com",
    "project_id": "loginusingfirebase-2d27c",
    "storage_bucket": "loginusingfirebase-2d27c.appspot.com"
  },
  "client": [
    {
      "client_info": {
        "mobilesdk_app_id": "1:39305102331:android:c1dad0cab9da013063415e",
        "android_client_info": {
          "package_name": "com.example.loginusingfirebase"
        }
      },
      "oauth_client": [
        {
          "client_id": "39305102331-u1g48e8skkh26847cvakpb7rv2t95m0e.apps.googleusercontent.com",
          "client_type": 1,
          "android_info": {
            "package_name": "com.example.loginusingfirebase",
            "certificate_hash": "54cbe13298bab56cd22a5822f34cbbc265b59cbe"
          }
        },
        {
          "client_id": "39305102331-hgpe7rcbrkn7ofgefdbaiobtri90r8rl.apps.googleusercontent.com",
          "client_type": 1,
          "android_info": {
            "package_name": "com.example.loginusingfirebase",
            "certificate_hash": "4e645367a2ece264df5547c2cf3fa99030cd3d7d"
          }
        },
        {
          "client_id": "39305102331-0vf0lnogt6vr20g4hphhq6l7brvsojj3.apps.googleusercontent.com",
          "client_type": 3
        }
      ],
      "api_key": [
        {
          "current_key": "AIzaSyDF5PWXcMpFpqwwja7pHyy6zvjNzKy9Sk0"
        }
      ],
      "services": {
        "appinvite_service": {
          "other_platform_oauth_client": [
            {
              "client_id": "39305102331-0vf0lnogt6vr20g4hphhq6l7brvsojj3.apps.googleusercontent.com",
              "client_type": 3
            }
          ]
        }
      }
    }
  ],
  "configuration_version": "1"
}